,name,numeric_id,id,barcode
0,Abi3bp,0,NM_178790,0  0  0  0  0  1  1  0  0  0  1  0  1  0  0  0  0  0  0  0
1,Ablim1,1,NM_001103178,0  0  0  0  1  0  0  1  0  0  0  0  0  0  0  0  1  0  0  1
2,Ackr3,2,NM_007722,0  0  0  1  0  0  1  0  0  0  0  1  0  0  1  0  0  0  0  0
3,Acp5,3,NM_007388,0  0  0  0  0  1  1  0  0  0  0  0  0  0  1  1  0  0  0  0
4,Acta2,4,NM_007392,0  0  0  1  1  0  0  0  0  0  0  0  0  0  1  1  0  0  0  0
5,Adgre1,5,NM_010130,0  0  0  0  0  0  0  1  0  0  0  1  0  0  1  1  0  0  0  0
6,Adm,6,NM_009627,0  1  0  0  0  1  0  0  1  1  0  0  0  0  0  0  0  0  0  0
7,Aebp1,7,NM_001291857,0  1  0  1  0  0  0  0  0  0  0  0  0  1  0  1  0  0  0  0
8,Ahnak,8,NM_009643,0  0  0  0  0  0  0  0  0  0  1  0  0  0  1  0  0  1  1  0
9,Ahr,9,NM_013464,0  0  0  0  1  0  0  1  0  1  1  0  0  0  0  0  0  0  0  0
10,Aif1,10,NM_019467,0  0  0  1  0  0  1  0  1  1  0  0  0  0  0  0  0  0  0  0
11,Akt1,11,NM_009652,0  1  1  0  0  0  0  0  0  0  1  1  0  0  0  0  0  0  0  0
12,Alox5ap,12,NM_009663,0  0  1  1  0  0  0  0  0  0  0  0  0  1  1  0  0  0  0  0
13,Angpt1,13,NM_001286062,0  0  0  0  1  0  0  0  0  1  0  0  0  0  1  0  0  0  0  1
14,Ankrd33b,14,NM_026153,0  1  0  1  0  0  0  1  0  0  0  0  1  0  0  0  0  0  0  0
15,Ankrd37,15,NM_001039562,0  1  1  0  0  0  0  0  0  0  0  0  1  1  0  0  0  0  0  0
16,Anln,16,NM_028390,0  0  1  1  0  0  0  0  0  0  0  1  1  0  0  0  0  0  0  0
17,Aqp1,17,NM_007472,0  1  0  0  0  0  0  0  0  0  1  0  0  1  0  0  0  0  1  0
18,Arg1,18,NM_007482,1  0  0  1  0  0  0  0  0  0  0  0  1  0  0  1  0  0  0  0
19,Arl5c,19,NM_207231,0  1  0  0  0  0  0  0  0  0  0  1  0  1  0  0  0  0  0  1
20,Atad2,20,NM_027435,1  0  0  0  0  0  0  0  0  0  0  0  0  1  1  0  0  0  1  0
21,Atp6v0d2,21,NM_175406,0  0  0  0  0  0  0  0  1  1  0  0  0  0  0  0  0  1  1  0
22,Atp6v1b2,22,NM_007509,0  0  0  0  1  0  0  0  1  0  0  0  0  0  0  1  0  0  1  0
23,Bgn,23,NM_007542,0  1  1  1  0  1  0  0  0  0  0  0  0  0  0  0  0  0  0  0
24,Bhlhe41,24,NM_024469,0  0  1  0  0  0  1  0  0  0  0  0  0  0  0  0  0  1  0  1
25,Birc5,25,NM_009689,0  1  0  0  0  0  0  0  0  0  1  0  1  0  0  0  1  0  0  0
26,Bnip3,26,NM_009760,1  0  0  0  0  0  1  0  0  0  0  0  0  1  0  1  0  0  0  0
27,C1qa,27,NM_007572,0  1  1  0  0  0  0  0  0  0  0  0  0  0  1  0  0  0  1  0
28,C1qb,28,NM_009777,0  1  0  0  0  0  0  1  0  0  0  1  0  0  0  0  0  0  1  0
29,C1qc,29,NM_007574,0  0  0  0  1  0  1  0  0  0  1  0  0  0  0  1  0  0  0  0
30,C4b,30,NM_009780,0  0  0  1  0  0  0  0  0  0  1  0  0  1  0  0  0  0  0  1
31,Camk4,31,NM_009793,0  0  0  0  0  0  0  0  0  0  0  1  1  1  0  1  0  0  0  0
32,Car9,32,NM_139305,1  0  0  0  0  0  1  1  0  0  0  0  1  0  0  0  0  0  0  0
33,Cbr2,33,NM_007621,0  0  1  0  0  0  0  0  0  1  0  1  0  0  0  0  1  0  0  0
34,Ccl12,34,NM_011331,1  0  0  0  0  0  0  0  1  0  0  0  1  1  0  0  0  0  0  0
35,Ccl17,35,NM_011332,0  0  1  0  0  0  0  1  0  0  0  0  0  0  0  0  1  0  1  0
36,Ccl22,36,NM_009137,0  0  0  0  0  1  0  0  1  0  0  0  0  1  0  0  1  0  0  0
37,Ccl5,37,NM_013653,0  1  0  1  0  0  0  0  0  0  0  0  0  0  0  0  1  1  0  0
38,Ccl6,38,NM_009139,0  0  1  0  0  0  0  0  1  0  0  1  0  0  0  0  0  0  1  0
39,Ccl8,39,NM_021443,0  0  0  0  0  0  1  0  0  1  0  0  0  0  1  0  0  1  0  0
40,Ccnb2,40,NM_007630,1  0  0  0  1  0  1  0  0  0  0  0  0  0  0  0  0  0  0  1
41,Ccr7,41,NM_007719,0  0  0  0  1  0  0  0  0  0  0  0  1  0  0  0  0  0  1  1
42,Cd14,42,NM_009841,1  1  0  0  0  0  0  0  1  0  0  0  0  0  0  0  1  0  0  0
43,Cd34,43,NM_133654,1  0  1  0  0  1  0  0  0  1  0  0  0  0  0  0  0  0  0  0
44,Cd3d,44,NM_013487,0  0  0  0  0  0  0  0  0  1  1  1  0  1  0  0  0  0  0  0
45,Cd3e,45,NM_007648,0  0  0  0  0  0  0  0  0  1  0  0  1  0  1  1  0  0  0  0
46,Cd3g,46,NM_009850,0  0  1  1  0  0  0  0  0  0  0  0  0  0  0  1  0  0  0  1
47,Cd4,47,NM_013488,0  0  0  0  1  1  1  0  1  0  0  0  0  0  0  0  0  0  0  0
48,Cd44,48,NM_001039151,0  0  0  0  0  1  0  0  1  0  0  0  0  0  0  1  0  0  0  1
49,Cd52,49,NM_013706,1  0  0  1  0  0  0  0  0  1  0  0  0  1  0  0  0  0  0  0
50,Cd68,50,NM_001291058,0  0  0  1  0  1  0  0  0  0  0  0  0  0  0  1  0  1  0  0
51,Cd86,51,NM_019388,0  0  0  0  0  0  1  0  0  1  0  0  0  0  0  1  0  0  0  1
52,Cd8a,52,NM_001081110,0  1  0  0  0  0  1  0  0  0  0  0  0  0  0  1  0  1  0  0
53,Cd8b1,53,NM_009858,1  0  1  0  0  0  0  1  0  0  0  0  0  1  0  0  0  0  0  0
54,Cdc20,54,NM_023223,0  1  0  1  1  0  0  0  0  0  0  0  0  0  0  0  0  0  1  0
55,Cdca3,55,NM_013538,1  0  0  0  0  1  0  0  0  0  0  0  0  0  1  0  1  0  0  0
56,Cdca8,56,NM_026560,0  0  0  0  1  0  0  1  0  0  0  0  0  0  1  0  0  0  1  0
57,Cdh1,57,NM_009864,1  0  0  0  1  0  0  1  1  0  0  0  0  0  0  0  0  0  0  0
58,Cdh2,58,NM_007664,1  0  0  0  0  1  0  0  0  0  1  0  0  0  0  1  0  0  0  0
59,Cdh5,59,NM_009868,0  0  0  0  0  1  0  0  0  0  0  0  0  1  0  0  0  1  1  0
60,Cdk1,60,NM_007659,1  0  1  0  0  0  0  0  1  0  1  0  0  0  0  0  0  0  0  0
61,Cenpa,61,NM_001302129,0  0  1  0  0  1  0  1  1  0  0  0  0  0  0  0  0  0  0  0
62,Cenpe,62,NM_173762,0  0  0  1  0  0  0  1  0  0  1  1  0  0  0  0  0  0  0  0
63,Cenpf,63,NM_001081363,0  0  0  0  0  0  1  1  0  0  0  0  0  0  0  0  0  1  1  0
64,Chil1,64,NM_007695,1  0  0  0  0  0  1  0  0  1  0  0  0  0  0  0  1  0  0  0
65,Ciita,65,NM_001243761,0  0  0  0  0  0  0  1  1  0  0  0  1  0  1  0  0  0  0  0
66,Ckap2l,66,NM_181589,0  0  1  1  0  0  0  0  0  0  1  0  0  0  0  0  0  0  1  0
67,Cks1b,67,NM_016904,0  0  0  1  1  0  0  0  1  0  1  0  0  0  0  0  0  0  0  0
68,Cks2,68,NM_025415,0  0  1  0  1  0  0  1  0  0  0  1  0  0  0  0  0  0  0  0
69,Clca3a2,69,NM_030601,0  0  0  0  1  0  1  0  0  0  0  1  0  0  0  0  0  1  0  0
70,Col12a1,70,NM_001290308,0  0  0  0  0  0  0  0  1  0  0  1  0  0  0  0  1  0  0  1
71,Col14a1,71,NM_181277,1  0  0  0  0  0  0  1  0  0  0  0  0  0  0  1  0  0  0  1
72,Col18a1,72,NM_009929,0  0  1  1  0  0  0  1  0  1  0  0  0  0  0  0  0  0  0  0
73,Col1a1,73,NM_007742,0  0  0  0  0  0  0  0  0  0  0  0  1  0  0  1  0  1  1  0
74,Col1a2,74,NM_007743,0  0  0  0  0  0  0  0  1  1  0  0  0  1  0  1  0  0  0  0
75,Col3a1,75,NM_009930,0  0  0  0  1  0  0  0  1  1  0  0  0  0  0  0  1  0  0  0
76,Col4a1,76,NM_009931,1  0  1  1  0  0  0  0  0  0  0  0  0  0  0  0  0  1  0  0
77,Col4a2,77,NM_009932,0  0  0  0  0  1  0  0  0  1  1  0  0  0  0  0  0  1  0  0
78,Col5a1,78,NM_015734,0  0  1  0  1  0  0  0  0  0  0  0  0  0  0  0  0  1  1  0
79,Col5a2,79,NM_007737,0  0  0  1  0  0  0  1  1  0  0  0  0  0  0  1  0  0  0  0
80,Col6a1,80,NM_009933,0  0  0  0  1  0  0  0  0  0  0  0  0  1  0  1  0  0  0  1
81,Coro1a,81,NM_009898,0  1  0  0  0  0  0  0  0  1  0  0  0  1  1  0  0  0  0  0
82,Cp,82,NM_007752,1  0  0  0  0  0  0  0  0  0  1  0  1  0  0  0  0  0  1  0
83,Crip2,83,NM_024223,1  0  0  0  0  0  1  0  1  0  0  0  0  0  0  0  0  0  1  0
84,Crlf1,84,NM_018827,0  0  0  0  0  0  1  1  0  0  0  1  0  1  0  0  0  0  0  0
85,Ctla2a,85,NM_007796,0  1  0  0  1  0  0  0  0  0  0  0  0  1  0  0  1  0  0  0
86,Ctsc,86,NM_009982,0  1  1  0  0  0  0  0  0  0  0  0  0  0  0  0  1  0  0  1
87,Ctsk,87,NM_007802,0  0  0  0  0  0  0  1  1  0  0  0  0  0  0  0  1  1  0  0
88,Ctss,88,NM_021281,0  0  0  1  0  0  1  0  0  0  0  0  0  1  0  0  0  1  0  0
89,Cxcl1,89,NM_008176,0  0  0  0  0  0  0  0  0  0  0  1  0  0  1  0  1  1  0  0
90,Cxcl10,90,NM_021274,0  0  1  0  0  0  1  0  0  0  0  0  1  0  0  1  0  0  0  0
91,Cxcl16,91,NM_023158,0  1  0  0  0  1  0  0  0  0  0  1  0  0  1  0  0  0  0  0
92,Cxcl2,92,NM_009140,0  0  1  0  0  1  0  0  0  0  1  0  0  1  0  0  0  0  0  0
93,Cxcl3,93,NM_203320,1  0  0  0  0  0  0  0  0  0  0  0  1  0  0  0  1  0  0  1
94,Cxcl5,94,NM_009141,0  0  0  0  1  0  1  0  0  0  0  0  0  0  0  0  1  0  1  0
95,Cyp51,95,NM_020010,0  0  1  0  0  0  0  0  0  0  0  1  0  1  0  0  0  1  0  0
96,Cytip,96,NM_139200,0  1  0  0  0  0  0  0  1  0  1  0  0  0  0  1  0  0  0  0
97,Dab2,97,NM_023118,0  0  0  0  0  0  0  0  0  1  1  0  0  0  1  0  1  0  0  0
98,Dcn,98,NM_007833,0  0  1  0  0  0  0  0  1  1  0  0  0  0  1  0  0  0  0  0
99,Des,99,NM_010043,1  0  0  0  0  1  0  0  0  0  0  1  0  0  0  0  0  0  1  0
100,Dusp2,100,NM_010090,0  0  0  0  0  0  0  1  0  0  0  0  0  1  1  0  0  0  0  1
101,Ebf1,101,NM_007897,0  1  0  1  0  0  0  0  1  0  0  0  0  0  1  0  0  0  0  0
102,Ednrb,102,NM_007904,0  0  0  0  0  0  1  1  1  0  1  0  0  0  0  0  0  0  0  0
103,Egfl7,103,NM_001164564,0  0  0  0  0  0  1  0  0  0  1  0  0  0  0  0  1  0  0  1
104,Emcn,104,NM_001163522,1  0  0  0  0  0  1  0  0  0  1  0  0  0  0  0  0  1  0  0
105,Enpp2,105,NM_015744,0  0  0  0  1  1  0  0  0  0  1  0  0  0  0  0  0  0  1  0
106,F13a1,106,NM_028784,0  0  0  0  1  0  0  0  1  0  0  0  0  0  1  0  0  1  0  0
107,Fabp4,107,NM_024406,0  0  0  1  0  0  0  0  0  0  0  0  0  0  1  0  1  0  0  1
108,Fap,108,NM_007986,0  1  0  0  1  0  0  0  0  1  0  0  1  0  0  0  0  0  0  0
109,Fbxo32,109,NM_026346,0  0  1  0  0  0  0  0  0  1  0  0  1  0  0  0  0  0  1  0
110,Fcer1g,110,NM_010185,0  0  0  0  0  0  1  0  0  0  0  0  0  0  1  0  0  0  1  1
111,Fcgr1,111,NM_010186,1  0  0  0  1  0  0  0  0  1  0  0  0  0  0  0  0  0  1  0
112,Fcgr2b,112,NM_010187,0  0  0  1  0  1  0  0  0  1  0  0  0  0  1  0  0  0  0  0
113,Fcgr3,113,NM_010188,0  0  0  0  1  1  0  0  0  1  0  1  0  0  0  0  0  0  0  0
114,Fcgrt,114,NM_010189,1  1  0  0  0  0  0  0  0  0  0  1  1  0  0  0  0  0  0  0
115,Fdps,115,NM_134469,1  0  1  0  0  0  1  0  0  0  0  1  0  0  0  0  0  0  0  0
116,Fetub,116,NM_001083905,0  0  1  0  0  0  0  1  0  0  0  0  1  0  0  0  0  1  0  0
117,Flt1,117,NM_010228,1  0  0  0  0  1  0  0  0  0  0  0  0  1  0  0  0  0  0  1
118,Folr2,118,NM_008035,0  1  0  0  0  0  0  0  0  0  0  0  1  0  1  0  0  1  0  0
119,Foxc2,119,NM_013519,0  1  0  0  0  1  0  0  0  0  0  0  0  0  0  0  1  0  1  0
120,Foxp3,120,NM_001199348,0  0  0  0  0  0  1  1  0  0  0  0  0  0  0  1  1  0  0  0
121,Fstl1,121,NM_008047,0  0  0  1  0  0  1  1  0  0  0  0  0  0  0  0  0  0  0  1
122,Fxyd3,122,NM_008557,1  1  0  1  0  0  0  0  0  0  0  0  0  0  0  0  0  0  0  1
123,G0s2,123,NM_008059,0  0  1  0  1  0  0  0  1  0  0  0  0  1  0  0  0  0  0  0
124,Gimap5,124,NM_175035,0  0  0  0  0  0  0  0  1  0  1  0  0  0  1  0  0  0  0  1
125,Gm13889,125,NM_001145034,0  1  0  0  1  0  0  0  0  0  1  0  0  0  1  0  0  0  0  0
126,Gprin3,126,NM_183183,0  0  0  1  0  0  0  1  0  0  0  0  0  0  1  0  0  1  0  0
127,Grrp1,127,NM_001099296,0  0  0  0  0  0  0  0  0  0  0  0  1  1  0  0  0  1  0  1
128,Gzmb,128,NM_013542,0  0  0  1  0  0  0  0  0  1  0  0  1  0  0  0  0  0  0  1
129,Gzmc,129,NM_010371,0  0  0  0  1  0  0  0  0  0  1  1  0  0  0  0  1  0  0  0
130,Gzmd,130,NM_010372,0  1  0  1  0  0  0  0  0  1  0  1  0  0  0  0  0  0  0  0
131,Gzmf,131,NM_010374,0  0  0  0  0  0  0  0  0  0  0  0  0  0  1  1  1  0  1  0
132,Hells,132,NM_008234,0  0  0  0  0  0  0  1  1  0  0  0  0  0  0  0  0  0  1  1
133,Higd1a,133,NM_019814,0  1  1  0  0  0  1  0  1  0  0  0  0  0  0  0  0  0  0  0
134,Higd1b,134,NM_080846,0  0  0  0  0  0  0  0  0  1  0  1  0  0  0  0  0  1  0  1
135,Hilpda,135,NM_023516,1  0  1  0  0  0  0  0  0  0  0  0  1  0  1  0  0  0  0  0
136,Hmgb2,136,NM_008252,1  0  0  1  0  0  0  1  0  0  0  0  0  0  0  0  0  0  1  0
137,Hmmr,137,NM_013552,1  1  0  0  0  0  0  0  0  1  1  0  0  0  0  0  0  0  0  0
138,Hs3st1,138,NM_010474,0  1  0  0  1  0  0  0  0  0  0  1  0  0  0  1  0  0  0  0
139,Hspb1,139,NM_013560,0  0  0  1  1  1  0  1  0  0  0  0  0  0  0  0  0  0  0  0
140,Hspg2,140,NM_008305,0  0  0  0  0  1  1  0  0  0  0  0  0  0  0  0  1  1  0  0
141,Ifi205,141,NM_172648,0  1  1  0  0  0  0  0  0  1  0  0  0  0  0  0  0  1  0  0
142,Ifi27l2a,142,NM_029803,0  0  0  0  0  0  1  0  1  0  0  0  1  0  0  0  0  1  0  0
143,Ifit1,143,NM_008331,0  1  0  0  0  0  1  0  0  1  0  0  0  0  0  0  0  0  1  0
144,Ifit2,144,NM_008332,1  0  0  0  1  1  0  0  0  0  0  0  1  0  0  0  0  0  0  0
145,Ifit3,145,NM_010501,0  0  0  1  0  0  0  0  0  0  1  0  1  0  0  0  0  1  0  0
146,Igfbp5,146,NM_010518,0  0  1  0  0  0  1  1  0  0  0  0  0  0  1  0  0  0  0  0
147,Il1b,147,NM_008361,0  0  0  0  1  0  0  0  1  0  0  1  1  0  0  0  0  0  0  0
148,Il2rb,148,NM_008368,0  0  0  0  1  0  0  1  0  0  0  0  0  1  0  0  0  1  0  0
149,Inhba,149,NM_008380,0  0  0  0  0  1  1  1  0  1  0  0  0  0  0  0  0  0  0  0
150,Isg15,150,NM_015783,0  0  0  0  1  0  1  0  0  0  0  0  1  0  1  0  0  0  0  0
151,Itga1,151,NM_001033228,0  1  0  0  0  0  0  0  1  0  0  1  0  0  0  0  0  1  0  0
152,Itga4,152,NM_010576,1  1  0  0  0  0  0  0  0  0  0  0  0  0  0  1  0  0  1  0
153,Itgam,153,NM_008401,0  0  0  1  0  1  0  0  0  0  0  0  0  0  0  0  0  0  1  1
154,Itgax,154,NM_021334,1  0  0  1  0  1  1  0  0  0  0  0  0  0  0  0  0  0  0  0
155,Kif11,155,NM_010615,0  0  0  0  0  0  0  0  0  0  1  0  0  1  0  1  1  0  0  0
156,Kif20b,156,NM_183046,0  0  0  0  0  0  1  0  1  0  0  0  0  0  1  0  1  0  0  0
157,Kif23,157,NM_024245,1  0  1  0  0  0  0  0  0  0  0  0  0  0  0  0  0  0  1  1
158,Kitl,158,NM_013598,0  0  0  0  0  0  0  1  0  0  1  0  0  0  0  1  0  0  1  0
159,Krt14,159,NM_016958,0  0  0  0  1  1  0  0  0  0  0  0  0  1  1  0  0  0  0  0
160,Krt19,160,NM_008471,0  0  1  0  0  0  0  0  0  1  0  0  0  1  0  0  0  0  0  1
161,Krt5,161,NM_027011,0  0  1  0  0  1  0  0  0  0  0  1  0  0  0  1  0  0  0  0
162,L1cam,162,NM_008478,0  0  1  0  1  0  0  0  0  0  0  0  0  0  1  0  1  0  0  0
163,Lamb1,163,NM_008482,1  1  0  0  0  0  1  0  0  0  0  0  0  0  1  0  0  0  0  0
164,Lbp,164,NM_008489,0  0  0  0  0  0  0  1  0  1  0  0  1  0  0  0  1  0  0  0
165,Lcn2,165,NM_008491,0  0  0  0  0  0  0  0  1  1  1  0  1  0  0  0  0  0  0  0
166,Lcp1,166,NM_008879,0  0  0  1  0  0  0  0  0  0  0  0  1  0  1  0  0  0  1  0
167,Lhfp,167,NM_175386,1  0  0  0  0  0  0  1  0  0  1  0  0  0  0  0  1  0  0  0
168,Lmnb1,168,NM_010721,0  0  1  0  0  0  0  0  0  0  0  1  0  0  1  0  0  0  0  1
169,Lrp1,169,NM_008512,0  0  0  0  0  0  0  1  0  0  1  0  1  1  0  0  0  0  0  0
170,Lsp1,170,NM_001136071,0  0  0  0  0  0  0  0  0  1  1  0  0  0  0  0  0  0  1  1
171,Ltb,171,NM_008518,0  0  0  0  0  0  1  0  1  0  0  1  0  0  0  1  0  0  0  0
172,Ly6a,172,NM_001271419,0  0  0  0  0  0  0  1  0  0  0  1  1  0  0  0  0  0  0  1
173,Mctp1,173,NM_030174,0  0  0  0  0  0  1  0  0  0  0  0  1  1  0  0  0  0  1  0
174,Mfap5,174,NM_015776,0  0  0  0  0  1  0  0  0  1  0  0  1  1  0  0  0  0  0  0
175,Mgst1,175,NM_019946,0  0  0  0  0  1  0  0  1  0  1  1  0  0  0  0  0  0  0  0
176,Mki67,176,NM_001081117,0  0  0  0  0  1  0  0  0  0  0  1  1  0  0  0  0  1  0  0
177,Mmp12,177,NM_008605,1  0  1  0  0  0  0  0  0  0  0  0  0  0  0  1  1  0  0  0
178,Mmp2,178,NM_008610,0  0  0  1  0  0  0  0  1  0  0  0  0  0  0  0  0  1  0  1
179,Mmp9,179,NM_013599,0  0  0  0  1  0  0  0  0  0  0  1  0  1  0  0  0  0  1  0
180,Mrc1,180,NM_008625,0  0  0  1  0  0  0  0  1  0  0  0  0  1  0  0  0  0  1  0
181,Ms4a4b,181,NM_021718,0  0  0  0  0  0  0  0  0  0  0  0  0  1  0  0  1  0  1  1
182,Ms4a4c,182,NM_029499,0  0  0  0  0  0  1  0  0  1  0  1  1  0  0  0  0  0  0  0
183,Ms4a6c,183,NM_028595,1  0  0  1  0  0  0  0  0  0  1  0  0  0  1  0  0  0  0  0
184,Ms4a6d,184,NM_026835,0  0  0  0  0  0  0  0  1  0  0  1  0  1  1  0  0  0  0  0
185,Mt2,185,NM_008630,0  1  0  0  0  0  0  0  0  1  0  0  0  0  0  1  1  0  0  0
186,Mxi1,186,NM_001008542,0  1  0  0  0  0  0  1  0  0  0  0  0  0  1  0  1  0  0  0
187,Napsa,187,NM_008437,0  0  0  0  0  0  0  0  1  0  1  0  0  0  0  0  1  0  1  0
188,Ndufa4l2,188,NM_001098789,0  0  0  0  0  1  0  1  0  0  1  0  0  0  1  0  0  0  0  0
189,Nes,189,NM_016701,0  0  0  1  1  0  0  0  0  1  0  0  0  0  0  0  0  1  0  0
190,Neurl3,190,NM_153408,0  0  0  0  0  0  0  0  0  0  0  1  0  0  0  1  0  0  1  1
191,Nkg7,191,NM_024253,0  0  1  0  0  0  0  0  0  0  1  0  0  0  1  1  0  0  0  0
192,Nos2,192,NM_010927,0  0  1  0  0  1  1  0  0  0  0  0  0  0  0  0  0  0  1  0
193,Nr4a2,193,NM_001139509,1  0  0  0  0  0  0  1  0  1  0  0  0  0  1  0  0  0  0  0
194,Nrp1,194,NM_008737,0  1  0  0  0  1  0  0  0  0  0  0  1  0  0  1  0  0  0  0
195,Nusap1,195,NM_133851,0  0  0  0  1  0  0  0  0  0  0  0  1  0  0  0  1  1  0  0
196,Pcna,196,NM_011045,0  0  0  0  0  0  0  0  0  0  1  1  0  0  0  1  0  1  0  0
197,Pdgfrb,197,NM_008809,0  0  0  1  1  0  0  0  0  0  0  0  1  1  0  0  0  0  0  0
198,Pdpn,198,NM_010329,0  0  0  0  0  0  0  0  0  1  0  1  0  0  1  0  0  0  1  0
199,Pecam1,199,NM_001032378,0  0  1  0  0  0  0  0  1  0  0  0  1  0  0  0  0  0  0  1
200,Pf4,200,NM_019932,0  0  0  0  0  1  0  0  1  0  0  0  0  0  1  0  0  0  1  0
201,Pim1,201,NM_008842,1  1  1  0  1  0  0  0  0  0  0  0  0  0  0  0  0  0  0  0
202,Pkib,202,NM_001039051,0  0  1  0  0  0  0  0  1  0  0  0  0  0  0  1  0  1  0  0
203,Plac8,203,NM_139198,0  1  0  0  1  0  1  1  0  0  0  0  0  0  0  0  0  0  0  0
204,Plaur,204,NM_011113,0  0  0  0  0  0  0  0  0  0  0  0  1  1  1  0  1  0  0  0
205,Plscr2,205,NM_008880,0  1  0  0  0  0  0  0  1  0  0  0  1  0  0  0  0  0  1  0
206,Plvap,206,NM_032398,0  0  0  0  0  1  0  0  0  1  0  0  0  0  0  0  1  0  0  1
207,Ppp1r14a,207,NM_026731,0  0  0  0  0  0  0  1  0  1  0  0  0  1  0  0  0  0  1  0
208,Pros1,208,NM_011173,0  0  1  1  1  0  1  0  0  0  0  0  0  0  0  0  0  0  0  0
209,Ptn,209,NM_008973,0  0  1  0  0  0  0  0  0  0  0  0  0  1  0  1  0  0  1  0
210,Ptpn18,210,NM_011206,1  0  0  0  0  0  0  1  0  0  0  1  0  0  0  0  0  1  0  0
211,Ptprc,211,NM_011210,1  1  0  0  0  0  0  0  0  0  0  0  0  1  0  0  0  1  0  0
212,Pttg1,212,NM_001131054,1  0  0  0  0  0  0  0  0  0  1  1  0  0  0  0  0  0  0  1
213,Rac2,213,NM_009008,0  0  0  0  0  1  0  0  0  1  0  0  0  0  0  1  0  0  1  0
214,Ramp2,214,NM_019444,1  0  0  0  0  0  0  0  0  1  0  1  0  0  0  1  0  0  0  0
215,Rarres2,215,NM_027852,1  0  0  0  0  0  0  0  1  1  0  0  0  0  0  0  0  0  0  1
216,Rbp1,216,NM_011254,0  0  0  0  0  1  0  1  0  0  0  1  0  0  0  0  1  0  0  0
217,Rel,217,NM_009044,0  0  0  1  0  0  1  0  0  0  0  0  0  0  0  1  0  0  1  0
218,Retnlg,218,NM_181596,0  0  0  0  0  1  1  0  0  0  0  1  0  0  0  0  0  0  0  1
219,Rgs5,219,NM_009063,0  0  0  1  0  0  0  1  0  0  0  0  0  1  0  0  1  0  0  0
220,Rrm2,220,NM_009104,1  1  0  0  0  1  0  1  0  0  0  0  0  0  0  0  0  0  0  0
221,Rsad2,221,NM_021384,0  0  1  0  0  1  0  0  0  0  0  0  1  0  0  0  1  0  0  0
222,S100a8,222,NM_013650,0  0  0  0  0  1  0  1  0  0  0  0  0  0  0  0  0  1  0  1
223,S100a9,223,NM_001281852,0  0  0  0  1  1  0  0  0  0  0  0  0  0  0  1  1  0  0  0
224,Saa3,224,NM_011315,0  0  1  1  0  0  0  0  1  0  0  0  0  0  0  0  1  0  0  0
225,Samsn1,225,NM_023380,0  0  1  0  1  0  0  0  0  1  0  0  0  0  0  1  0  0  0  0
226,Serpinb6b,226,NM_011454,1  0  0  0  0  0  0  0  0  1  0  0  1  0  0  0  0  1  0  0
227,Serpine2,227,NM_009255,0  0  1  0  0  0  0  1  0  0  1  0  0  0  0  0  0  0  0  1
228,Serpinf1,228,NM_011340,1  0  0  0  1  0  0  0  0  0  0  0  0  0  0  1  0  1  0  0
229,Skap1,229,NM_001177899,0  0  1  0  0  0  1  0  0  1  1  0  0  0  0  0  0  0  0  0
230,Slc2a1,230,NM_011400,0  0  0  0  0  0  0  0  0  0  0  1  1  0  0  0  1  0  1  0
231,Slc4a4,231,NM_018760,0  1  1  0  0  0  0  1  0  0  0  0  0  0  0  1  0  0  0  0
232,Slc9b2,232,NM_178877,0  0  0  0  0  0  0  0  0  1  0  0  0  1  0  0  1  1  0  0
233,Smc2,233,NM_001301412,0  0  0  0  0  1  0  1  0  0  0  0  0  1  0  1  0  0  0  0
234,Smc4,234,NM_133786,0  0  0  0  0  0  0  1  1  1  0  1  0  0  0  0  0  0  0  0
235,Smox,235,NM_145533,0  0  0  0  1  0  0  0  0  0  1  0  0  0  0  0  0  1  0  1
236,Snai1,236,NM_011427,1  0  0  0  0  0  0  0  0  0  0  1  0  1  0  0  1  0  0  0
237,Snai2,237,NM_011415,0  0  1  0  0  0  0  0  0  0  1  0  0  0  0  0  1  1  0  0
238,Sorl1,238,NM_011436,0  0  0  0  0  0  0  0  0  0  0  0  0  1  1  1  0  1  0  0
239,Sparcl1,239,NM_010097,0  0  0  1  0  0  1  0  0  0  0  0  1  0  0  0  1  0  0  0
240,Srgn,240,NM_011157,0  0  1  0  0  1  0  0  0  0  0  0  0  0  1  0  0  1  0  0
241,Sulf2,241,NM_028072,0  1  0  0  0  0  1  0  0  0  0  1  0  0  0  0  1  0  0  0
242,Syngr1,242,NM_009303,0  0  0  1  0  1  0  0  0  0  1  0  0  0  0  0  1  0  0  0
243,Syngr2,243,NM_009304,0  1  0  0  0  0  0  1  1  0  0  0  0  1  0  0  0  0  0  0
244,Tacc3,244,NM_001040435,0  0  0  0  0  0  0  0  0  0  1  1  1  0  1  0  0  0  0  0
245,Tagln,245,NM_011526,1  0  0  0  1  0  0  0  0  0  0  1  0  0  1  0  0  0  0  0
246,Tbc1d4,246,NM_001081278,0  0  0  0  0  0  0  0  0  0  0  0  0  0  0  1  1  1  0  1
247,Tek,247,NM_001290549,0  0  0  0  0  1  0  1  0  0  0  0  1  0  0  0  0  0  1  0
248,Thbs1,248,NM_011580,0  0  0  1  0  0  0  0  0  1  1  0  0  0  0  1  0  0  0  0
249,Thy1,249,NM_009382,0  0  0  1  1  0  0  0  0  0  0  1  0  0  0  0  0  0  0  1
250,Tie1,250,NM_011587,0  1  0  0  0  0  0  1  0  0  1  0  0  0  0  0  0  1  0  0
251,Tmem8,251,NM_021793,0  0  0  1  0  0  0  0  0  1  0  0  0  0  0  0  1  0  1  0
252,Tnfrsf18,252,NM_009400,0  1  0  0  1  1  0  0  0  0  0  0  0  0  0  0  0  1  0  0
253,Tnfrsf4,253,NM_011659,0  0  1  0  1  1  0  0  0  0  0  0  0  0  0  0  0  0  0  1
254,Tnfrsf9,254,NM_001077509,1  0  0  1  0  0  0  0  1  0  0  1  0  0  0  0  0  0  0  0
255,Top2a,255,NM_011623,1  0  0  1  1  0  0  0  0  0  0  0  0  0  0  0  1  0  0  0
256,Tpm2,256,NM_001277876,0  1  0  0  1  0  0  0  1  0  0  0  0  0  0  0  0  0  0  1
257,Tpx2,257,NM_001141978,0  1  0  0  0  1  1  0  0  0  0  0  0  1  0  0  0  0  0  0
258,Traf1,258,NM_009421,0  0  0  0  0  0  1  0  0  0  1  1  0  0  0  0  0  0  1  0
259,Tubb4b,259,NM_146116,0  0  0  0  0  1  0  0  0  0  0  0  1  0  1  0  0  0  0  1
260,Twist1,260,NM_011658,0  0  0  1  0  1  0  0  0  0  0  1  0  1  0  0  0  0  0  0
261,Tyms,261,NM_021288,0  0  0  1  0  1  0  0  1  0  0  0  1  0  0  0  0  0  0  0
262,Tyrobp,262,NM_011662,0  0  0  1  0  0  0  0  0  0  0  1  0  0  0  0  0  1  1  0
263,Ube2c,263,NM_026785,0  0  0  0  0  0  1  0  1  0  0  0  0  1  0  0  0  0  0  1
264,Vcam1,264,NM_011693,0  0  1  0  0  0  1  0  0  0  0  0  0  1  0  0  1  0  0  0
265,Vegfa,265,NM_001287057,0  1  0  0  0  0  0  0  0  0  0  0  0  0  0  0  0  1  1  1
266,Wfdc17,266,NM_001081957,0  0  0  0  0  0  1  0  0  0  1  0  0  1  1  0  0  0  0  0
267,Wfdc18,267,NM_007969,0  0  0  0  0  0  0  0  1  0  1  0  0  1  0  0  0  1  0  0
268,Wfdc21,268,NM_183249,0  0  1  0  1  0  0  0  0  0  1  0  1  0  0  0  0  0  0  0
269,Xist,269,NR_001463,0  1  0  1  0  0  1  0  0  0  1  0  0  0  0  0  0  0  0  0
270,Blank-01,-1,,1  0  0  0  0  0  0  0  1  0  0  0  0  0  1  1  0  0  0  0
271,Blank-02,-1,,0  1  0  0  0  1  0  0  0  0  1  0  0  0  0  0  0  0  0  1
272,Blank-03,-1,,1  0  0  0  0  1  0  0  1  0  0  0  0  0  0  0  0  1  0  0
273,Blank-04,-1,,0  0  0  0  0  0  0  0  1  0  0  0  1  0  0  1  1  0  0  0
274,Blank-05,-1,,0  0  0  0  1  0  1  0  0  1  0  0  0  1  0  0  0  0  0  0
275,Blank-06,-1,,1  0  0  0  0  0  0  0  0  0  0  0  0  0  0  0  1  1  1  0
276,Blank-07,-1,,0  1  0  0  0  0  1  0  0  0  0  0  1  0  0  0  0  0  0  1
277,Blank-08,-1,,1  0  0  0  1  0  0  0  0  0  1  0  0  1  0  0  0  0  0  0
278,Blank-09,-1,,0  0  0  0  0  0  0  1  0  1  0  0  0  0  0  1  0  1  0  0
279,Blank-10,-1,,0  1  0  0  0  0  0  0  0  0  0  0  0  0  1  1  0  0  0  1
280,Blank-11,-1,,0  0  0  0  0  0  0  0  0  0  1  0  1  0  0  1  0  0  0  1
281,Blank-12,-1,,0  1  0  0  0  0  0  1  0  1  0  0  0  0  0  0  0  0  0  1
282,Blank-13,-1,,0  0  0  1  0  0  0  0  0  0  0  1  0  0  0  1  1  0  0  0
283,Blank-14,-1,,0  0  0  0  1  0  0  1  0  0  0  0  1  0  0  1  0  0  0  0
284,Blank-15,-1,,1  0  0  0  0  0  0  0  0  0  0  0  0  0  1  0  0  1  0  1
